{"cameraMode":{"drawMode":0,"name":"Shaded","section":"Shading Mode"},"sceneLighting":true,"audioPlay":false,"sceneViewState":{"m_AlwaysRefresh":false,"showFog":true,"showSkybox":true,"showFlares":true,"showImageEffects":true,"showParticleSystems":true,"showVisualEffectGraphs":true,"m_FxEnabled":true},"in2DMode":false,"pivot":{"x":-21.382667541503908,"y":8.609533309936524,"z":-21.114727020263673},"rotation":{"x":-0.4020022749900818,"y":0.04747360199689865,"z":-0.020950384438037874,"w":-0.9141435623168945},"size":4.937180042266846,"orthographic":false}